{
  "version": "1.1.1",
  "windows": {
    "main": {
      "main": true,
      "url": "app://editor/index.html",
      "windowType": "dockable",
      "x": 706,
      "y": 278,
      "width": 1280,
      "height": 785,
      "layout": {
        "type": "dock-h",
        "children": [
          {
            "width": 204,
            "height": 667,
            "type": "dock-v",
            "children": [
              {
                "width": 204,
                "height": 316.1875,
                "type": "panel",
                "active": 0,
                "children": [
                  "hierarchy"
                ]
              },
              {
                "width": 204,
                "height": 347.8125,
                "type": "panel",
                "active": 0,
                "children": [
                  "assets"
                ]
              }
            ]
          },
          {
            "width": 750,
            "height": 667,
            "type": "dock-v",
            "children": [
              {
                "width": 750,
                "height": 382.296875,
                "type": "panel",
                "active": 0,
                "children": [
                  "scene"
                ]
              },
              {
                "width": 750,
                "height": 281.703125,
                "type": "panel",
                "active": 1,
                "children": [
                  "console",
                  "timeline",
                  "game-window"
                ]
              }
            ]
          },
          {
            "width": 304,
            "height": 667,
            "type": "panel",
            "active": 0,
            "children": [
              "inspector",
              "cocos-services"
            ]
          }
        ]
      },
      "panels": [
        "hierarchy",
        "assets",
        "scene",
        "console",
        "timeline",
        "game-window",
        "inspector",
        "cocos-services"
      ]
    },
    " common-asset-worker-worker": {}
  },
  "panels": {},
  "panelLabelWidth": {}
}
